{
    "total_runtime": 804.6638288497925,
    "num_documents": 1,
    "input_load_time": 0,
    "workflows": {
        "create_base_text_units": {
            "overall": 2.7111518383026123,
            "0_orderby": 0.0014789104461669922,
            "1_zip": 0.002360820770263672,
            "2_aggregate_override": 0.002285003662109375,
            "3_chunk": 2.681284189224243,
            "4_select": 0.002546072006225586,
            "5_unroll": 0.0025069713592529297,
            "6_rename": 0.001676797866821289,
            "7_genid": 0.004297971725463867,
            "8_unzip": 0.002287149429321289,
            "9_copy": 0.001825094223022461,
            "10_filter": 0.0074350833892822266
        },
        "create_base_extracted_entities": {
            "overall": 523.164724111557,
            "0_entity_extract": 523.1301989555359,
            "1_merge_graphs": 0.032218217849731445
        },
        "create_summarized_entities": {
            "overall": 56.252238035202026,
            "0_summarize_descriptions": 56.24977207183838
        },
        "create_base_entity_graph": {
            "overall": 0.058457136154174805,
            "0_cluster_graph": 0.052618980407714844,
            "1_select": 0.003083944320678711
        },
        "create_final_entities": {
            "overall": 1.8328378200531006,
            "0_unpack_graph": 0.01923990249633789,
            "1_rename": 0.0034148693084716797,
            "2_select": 0.003353118896484375,
            "3_dedupe": 0.0035181045532226562,
            "4_rename": 0.0035789012908935547,
            "5_filter": 0.00857686996459961,
            "6_text_split": 0.004942655563354492,
            "7_drop": 0.004365682601928711,
            "8_merge": 0.018713951110839844,
            "9_text_embed": 1.742656946182251,
            "10_drop": 0.005450010299682617,
            "11_filter": 0.01202082633972168
        },
        "create_final_nodes": {
            "overall": 0.18251490592956543,
            "0_layout_graph": 0.06887078285217285,
            "1_unpack_graph": 0.02350020408630371,
            "2_unpack_graph": 0.023424863815307617,
            "3_filter": 0.013383150100708008,
            "4_drop": 0.0057392120361328125,
            "5_select": 0.004974842071533203,
            "6_rename": 0.005304813385009766,
            "7_convert": 0.018316984176635742,
            "8_join": 0.008339881896972656,
            "9_rename": 0.006067991256713867
        },
        "create_final_communities": {
            "overall": 0.19717717170715332,
            "0_unpack_graph": 0.03523874282836914,
            "1_unpack_graph": 0.02168107032775879,
            "2_aggregate_override": 0.007001161575317383,
            "3_join": 0.00946497917175293,
            "4_join": 0.009539127349853516,
            "5_concat": 0.00664210319519043,
            "6_filter": 0.03743910789489746,
            "7_aggregate_override": 0.00947713851928711,
            "8_join": 0.00820612907409668,
            "9_filter": 0.015594959259033203,
            "10_fill": 0.006979227066040039,
            "11_merge": 0.009611845016479492,
            "12_copy": 0.007380962371826172,
            "13_select": 0.007254838943481445
        },
        "join_text_units_to_entity_ids": {
            "overall": 0.03191781044006348,
            "0_select": 0.007158994674682617,
            "1_unroll": 0.00799703598022461,
            "2_aggregate_override": 0.009711265563964844
        },
        "create_final_relationships": {
            "overall": 0.12526988983154297,
            "0_unpack_graph": 0.023398876190185547,
            "1_filter": 0.019532203674316406,
            "2_rename": 0.008415937423706055,
            "3_filter": 0.02072906494140625,
            "4_drop": 0.008732080459594727,
            "5_compute_edge_combined_degree": 0.010559320449829102,
            "6_convert": 0.017626047134399414,
            "7_convert": 0.00872492790222168
        },
        "join_text_units_to_relationship_ids": {
            "overall": 0.047684669494628906,
            "0_select": 0.009211063385009766,
            "1_unroll": 0.009643793106079102,
            "2_aggregate_override": 0.011003732681274414,
            "3_select": 0.009274005889892578
        },
        "create_final_community_reports": {
            "overall": 218.55755996704102,
            "0_prepare_community_reports_nodes": 0.013875961303710938,
            "1_prepare_community_reports_edges": 0.01294088363647461,
            "2_restore_community_hierarchy": 0.013097047805786133,
            "3_prepare_community_reports": 0.07401227951049805,
            "4_create_community_reports": 218.41933178901672,
            "5_window": 0.015074729919433594
        },
        "create_final_text_units": {
            "overall": 0.0787818431854248,
            "0_select": 0.010220050811767578,
            "1_rename": 0.010375261306762695,
            "2_join": 0.012753963470458984,
            "3_join": 0.012825965881347656,
            "4_aggregate_override": 0.012086868286132812,
            "5_select": 0.010711908340454102
        },
        "create_base_documents": {
            "overall": 0.11807703971862793,
            "0_unroll": 0.011492013931274414,
            "1_select": 0.010763168334960938,
            "2_rename": 0.011317014694213867,
            "3_join": 0.01313471794128418,
            "4_aggregate_override": 0.012022018432617188,
            "5_join": 0.013442277908325195,
            "6_rename": 0.011802196502685547,
            "7_convert": 0.02361130714416504
        },
        "create_final_documents": {
            "overall": 0.023462772369384766,
            "0_rename": 0.01187896728515625
        }
    }
}